{
  "run_id": "cnn_baseline_embed128",
  "source": "notebook2",
  "model_name": "cnn",
  "augmentation_profile": "baseline",
  "embed_dim": 128,
  "windowing_name": "multi3_even",
  "index_name": "exact_ip",
  "index_kind": "exact_ip",
  "clean_top1": 0.8645833333333334,
  "combined_moderate_top1": 0.24525000000000002,
  "highpass_top1": 0.02392857142857143,
  "lowpass_top1": 0.5425000000000001,
  "noise_top1": 0.7030357142857143,
  "pitch_top1": 0.5742857142857142,
  "time_top1": 0.8014285714285715,
  "realistic_hard_top1": NaN,
  "mean_degraded_top1": 0.48173809523809524,
  "worst_condition_top1": 0.02392857142857143,
  "robustness_gap": 0.3828452380952381,
  "latency_ms": 0.10623308651397186,
  "index_size_mb": 1.1719179153442383,
  "mrr": 0.644572575855973,
  "ranking_score": 0.47490090033989707
}
