condition,top1,top5,top10,mrr
clean,0.99625,1.0,1.0,0.998125
noise,0.5075,0.70875,0.795,0.6181130501443001
pitch,0.30125,0.63375,0.75625,0.46311692821067824
time,0.79375,0.9575,0.97875,0.8660642586580087
lowpass,0.94875,0.9975,1.0,0.9709270833333332
highpass,0.535,0.795,0.87375,0.6552113997113997
