condition,top1,top5,top10,mrr
clean,0.99625,1.0,1.0,0.998125
noise,0.94125,0.98875,0.995,0.9638533549783549
pitch,0.9275,0.9975,1.0,0.9603020833333333
time,0.99,1.0,1.0,0.9947916666666665
lowpass,0.9375,0.98625,0.99125,0.9604234307359308
highpass,0.0075,0.03,0.045,0.10342284451659452
