condition,top1,top5,top10,mrr
clean,0.99625,1.0,1.0,0.998125
noise,0.0725,0.175,0.25375,0.1878855519480519
pitch,0.17875,0.44875,0.61,0.33436228354978353
time,0.6375,0.90125,0.95875,0.7482281746031745
lowpass,0.52,0.75875,0.84,0.6352810696248197
highpass,0.2525,0.5375,0.68,0.40513406385281386
