condition,top1,top5,top10,mrr
clean,0.99625,1.0,1.0,0.998125
noise,0.93625,0.99125,0.9975,0.9623522727272728
pitch,0.83625,0.985,0.9875,0.902702335858586
time,0.98,1.0,1.0,0.9894166666666666
lowpass,0.73375,0.88,0.9325,0.8052856691919191
highpass,0.03375,0.0675,0.1,0.1316381222943723
