{
  "index_name": "ivfpq_nprobe4",
  "index_kind": "ivfpq",
  "build_seconds": 0.03735933000007208,
  "index_size_mb": 0.21184158325195312,
  "reference_count": 2400,
  "embed_dim": 128,
  "nlist": 64,
  "nprobe": 4,
  "pq_m": 16
}
