{
  "index_name": "ivfpq_nprobe4",
  "index_kind": "ivfpq",
  "build_seconds": 0.026675240000258782,
  "index_size_mb": 0.15587997436523438,
  "reference_count": 800,
  "embed_dim": 128,
  "nlist": 25,
  "nprobe": 4,
  "pq_m": 16
}
