condition,top1,top5,top10,mrr
clean,0.99625,1.0,1.0,0.998125
noise,0.0875,0.2375,0.34125,0.2117896374458874
pitch,0.165,0.42875,0.57125,0.31604522907647903
time,0.50875,0.76,0.865,0.6283238185425685
lowpass,0.45,0.7175,0.8325,0.5791300505050505
highpass,0.25125,0.48,0.6075,0.3845617784992785
